-- MySQL dump 10.13  Distrib 8.0.32, for Win64 (x86_64)
--
-- Host: localhost    Database: associazione
-- ------------------------------------------------------
-- Server version	8.0.32

/*!40101 SET @OLD_CHARACTER_SET_CLIENT=@@CHARACTER_SET_CLIENT */;
/*!40101 SET @OLD_CHARACTER_SET_RESULTS=@@CHARACTER_SET_RESULTS */;
/*!40101 SET @OLD_COLLATION_CONNECTION=@@COLLATION_CONNECTION */;
/*!50503 SET NAMES utf8 */;
/*!40103 SET @OLD_TIME_ZONE=@@TIME_ZONE */;
/*!40103 SET TIME_ZONE='+00:00' */;
/*!40014 SET @OLD_UNIQUE_CHECKS=@@UNIQUE_CHECKS, UNIQUE_CHECKS=0 */;
/*!40014 SET @OLD_FOREIGN_KEY_CHECKS=@@FOREIGN_KEY_CHECKS, FOREIGN_KEY_CHECKS=0 */;
/*!40101 SET @OLD_SQL_MODE=@@SQL_MODE, SQL_MODE='NO_AUTO_VALUE_ON_ZERO' */;
/*!40111 SET @OLD_SQL_NOTES=@@SQL_NOTES, SQL_NOTES=0 */;

--
-- Dumping data for table `abito`
--

LOCK TABLES `abito` WRITE;
/*!40000 ALTER TABLE `abito` DISABLE KEYS */;
INSERT INTO `abito` VALUES ('md006','sem. Pellentesque ut ipsum ac mi eleifend egestas.',435.00),('md222','et risus. Quisque libero lacus, varius et, euismod et,',239.00),('md334','Curabitur vel lectus. Cum sociis natoque penatibus et magnis',209.00),('md400','Maecenas libero est, congue a, aliquet vel, vulputate eu,',420.00),('md409','mi, ac mattis velit justo nec ante. Maecenas mi',152.00),('md494','dapibus gravida. Aliquam tincidunt, nunc ac',111.00),('md542','turpis vitae purus gravida sagittis. Duis',296.00),('md543','at sem molestie sodales. Mauris blandit enim consequat',371.00),('md635','elit, pretium et, rutrum non, hendrerit',343.00),('md655','ac nulla. In tincidunt congue',428.00),('md694','Duis sit amet diam eu dolor',418.00),('md710','condimentum eget, volutpat ornare, facilisis eget, ipsum. Donec sollicitudin',339.00),('md739','risus, at fringilla purus mauris a nunc. In',384.00),('md801','libero nec ligula consectetuer rhoncus. Nullam velit',312.00),('md805','sociis natoque penatibus et magnis dis parturient montes, nascetur ridiculus',294.00),('md810','et magnis dis parturient montes, nascetur ridiculus',94.00),('md833','iaculis, lacus pede sagittis augue, eu',125.00),('md877','at, libero. Morbi accumsan laoreet',281.00),('md885','dui quis accumsan convallis, ante lectus convallis',152.00),('md901','sodales nisi magna sed dui. Fusce aliquam, enim',183.00),('md951','feugiat tellus lorem eu metus. In lorem. Donec elementum,',352.00),('ms086','vitae purus gravida sagittis. Duis gravida. Praesent eu nulla at',261.00),('ms151','montes, nascetur ridiculus mus. Proin',297.00),('ms171','tempor, est ac mattis semper, dui lectus rutrum urna,',191.00),('ms287','Donec nibh enim, gravida sit amet, dapibus id, blandit at,',344.00),('ms306','tincidunt, nunc ac mattis ornare, lectus ante dictum mi,',144.00),('ms326','nonummy ut, molestie in, tempus eu, ligula. Aenean',331.00),('ms334','aliquam adipiscing lacus. Ut nec',164.00),('ms366','purus. Duis elementum, dui quis accumsan convallis, ante lectus convallis',61.00),('ms371','Cum sociis natoque penatibus et magnis dis parturient montes,',273.00),('ms381','lorem, vehicula et, rutrum eu, ultrices',273.00),('ms388','facilisis facilisis, magna tellus faucibus leo, in lobortis tellus',208.00),('ms402','arcu. Sed et libero. Proin mi. Aliquam',386.00),('ms445','Aliquam ultrices iaculis odio. Nam interdum enim',354.00),('ms461','risus. Morbi metus. Vivamus euismod urna. Nullam',245.00),('ms502','convallis convallis dolor. Quisque tincidunt pede',427.00),('ms535','Nam consequat dolor vitae dolor. Donec',439.00),('ms558','facilisis non, bibendum sed, est.',324.00),('ms600','non nisi. Aenean eget metus.',227.00),('ms639','cursus et, eros. Proin ultrices. Duis volutpat nunc sit',96.00),('ms678','Sumsendisse aliquet molestie tellus. Aenean egestas hendrerit neque. In',259.00),('ms766','metus facilisis lorem tristique aliquet. Phasellus fermentum',190.00),('ms818','erat. Etiam vestibulum massa rutrum magna.',420.00),('ms885','consectetuer adipiscing elit. Etiam laoreet, libero',227.00),('sp146','et tristique pellentesque, tellus sem mollis',410.00),('sp221','aliquet magna a neque. Nullam',337.00),('sp314','gravida sit amet, dapibus id, blandit at, nisi. Cum',416.00),('sp352','ut nisi a odio semper cursus.',78.00),('sp357','arcu eu odio tristique pharetra. Quisque ac libero nec',142.00),('sp426','elit, pharetra ut, pharetra sed, hendrerit a, arcu.',374.00),('sp476','montes, nascetur ridiculus mus. Donec dignissim magna a tortor. Nunc',198.00),('sp553','lacinia orci, consectetuer euismod est arcu ac orci. Ut',365.00),('sp607','magna a neque. Nullam ut nisi a odio semper',312.00),('sp688','arcu. Curabitur ut odio vel est',222.00),('sp753','dis parturient montes, nascetur ridiculus mus. Proin vel nisl.',305.00),('sp761','Sed eu eros. Nam consequat dolor vitae',243.00),('sp783','Phasellus elit pede, malesuada vel, venenatis',111.00),('sp793','Etiam laoreet, libero et tristique pellentesque, tellus sem mollis',180.00),('sp857','erat volutpat. Nulla dignissim. Maecenas ornare',125.00),('sp861','Morbi neque tellus, imperdiet non, vestibulum nec, euismod in, dolor.',207.00);
/*!40000 ALTER TABLE `abito` ENABLE KEYS */;
UNLOCK TABLES;

--
-- Dumping data for table `affitto`
--

LOCK TABLES `affitto` WRITE;
/*!40000 ALTER TABLE `affitto` DISABLE KEYS */;
INSERT INTO `affitto` VALUES ('0TFJ55KI0P1OEI','2022-08-17','2024-03-06',820.00,26,'md400'),('1BUH83MI5Q6CNH','2022-07-26','2023-08-21',115.00,15,'sp783'),('1UCA88BY7R4GAS','2021-12-06','2023-05-24',470.00,29,'md006'),('2TGS67ZO2P8QIR','2021-12-05','2022-10-14',686.00,19,'md542'),('3CKC55HU4X4XSC','2022-02-08','2023-03-11',586.00,11,'sp476'),('3QYO15PV5P7MFY','2022-09-17','2023-06-28',318.00,1,'md710'),('4QJZ26PV7V1OEA','2021-04-27','2023-07-30',289.00,26,'sp146'),('4RYV88RD8H6ESG','2022-11-15','2024-01-26',870.00,7,'ms502'),('4XDB66GO6S7WPK','2021-05-27','2023-06-18',481.00,5,'md694'),('6CWE17MV8H6BUI','2021-10-27','2023-05-16',414.00,7,'ms171'),('6NTW41LD6L7GJB','2021-04-24','2024-05-23',774.00,29,'ms334'),('6UUE07QT6U2UXL','2022-03-28','2023-06-24',975.00,18,'ms326'),('8DJQ85ST7H6SAW','2022-09-03','2023-11-01',328.00,25,'md710'),('8FSE83UB6D7RTX','2022-05-09','2023-10-10',178.00,12,'ms151'),('8LXJ95ZG3C4UEG','2021-05-16','2023-11-15',614.00,10,'md222'),('8MUS25MD9Q9BNQ','2021-07-04','2024-01-04',506.00,18,'md494'),('8NYR08PQ3U5JUW','2022-09-10','2023-02-23',856.00,24,'md334'),('8PPH56GP1U6HND','2021-09-11','2023-04-23',515.00,28,'sp753'),('9HFF54GP6B4HIT','2021-09-08','2023-08-31',378.00,18,'ms402');
/*!40000 ALTER TABLE `affitto` ENABLE KEYS */;
UNLOCK TABLES;

--
-- Dumping data for table `ceto`
--

LOCK TABLES `ceto` WRITE;
/*!40000 ALTER TABLE `ceto` DISABLE KEYS */;
INSERT INTO `ceto` VALUES (1,'Servitu'),(2,'Nobiliare'),(3,'Militare'),(4,'Clero');
/*!40000 ALTER TABLE `ceto` ENABLE KEYS */;
UNLOCK TABLES;

--
-- Dumping data for table `evento`
--

LOCK TABLES `evento` WRITE;
/*!40000 ALTER TABLE `evento` DISABLE KEYS */;
INSERT INTO `evento` VALUES (1,'Ipsum Dolor Sit Ltd','2023-03-03','Ap #399-5830 Posuere Av.','Lim Chu Kang',49575),(2,'Nibh Enim PC','2023-07-07','5760 Dui. Road','Lasbela',82130),(3,'Dui Associates','2023-08-13','2043 Sit Rd.','Barranca',16551),(4,'Pellentesque Foundation','2023-10-08','P.O. Box 747, 4685 Suspendisse Ave','Cuautla',85879),(5,'Enim Mi Foundation','2022-10-31','149-9794 Odio Rd.','Uyo',69923),(6,'Pede Ultrices LLC','2024-05-02','P.O. Box 540, 9446 Luctus St.','Villahermosa',23375),(7,'Consectetuer Ipsum Nunc Incorporated','2022-12-26','Ap #698-9605 Elementum St.','Probolinggo',82572),(8,'Nunc In Industries','2022-06-05','340-4445 Lacinia Rd.','Henan',52004),(9,'Libero Et Tristique Corp.','2024-05-04','P.O. Box 753, 7153 Blandit Avenue','Wyoming',89613),(10,'Vitae Odio LLC','2023-01-24','Ap #780-2735 Donec Avenue','Zaragoza',53932),(11,'Ipsum Ac Corp.','2023-10-20','1641 Eget St.','Nuremberg',30065),(12,'Aliquam PC','2023-12-20','755-732 Nec, Rd.','Zierikzee',46239),(13,'Pede Cras Vulputate Institute','2023-03-31','211-7999 In St.','Kraków',70556),(14,'Malesuada Fames Limited','2022-09-29','112-5164 Nascetur Rd.','Palembang',54434),(15,'Mauris Inc.','2023-05-30','499-3896 Imperdiet Ave','Zeist',93962);
/*!40000 ALTER TABLE `evento` ENABLE KEYS */;
UNLOCK TABLES;

--
-- Dumping data for table `gruppo`
--

LOCK TABLES `gruppo` WRITE;
/*!40000 ALTER TABLE `gruppo` DISABLE KEYS */;
INSERT INTO `gruppo` VALUES (1,'Gumball'),(2,'Spongebob'),(3,'Ben 10');
/*!40000 ALTER TABLE `gruppo` ENABLE KEYS */;
UNLOCK TABLES;

--
-- Dumping data for table `mascotte`
--

LOCK TABLES `mascotte` WRITE;
/*!40000 ALTER TABLE `mascotte` DISABLE KEYS */;
INSERT INTO `mascotte` VALUES ('ms502','convallis in,',1),('ms678','ridiculus',2),('ms766','Vivamusisus.',1),('ms086','tellunc',2),('ms287','ipseravida',1),('ms678','metus fastique',3),('ms388','faucibus leusto sit',2),('ms818','Class aptent',1),('ms885','consectetuer ',3),('ms461','Sed',3),('ms535','pharetra, felis',2),('ms151','turpis ne',1);
/*!40000 ALTER TABLE `mascotte` ENABLE KEYS */;
UNLOCK TABLES;

--
-- Dumping data for table `medioevale`
--

LOCK TABLES `medioevale` WRITE;
/*!40000 ALTER TABLE `medioevale` DISABLE KEYS */;
INSERT INTO `medioevale` VALUES ('md400',4),('md877',2),('md833',4),('md222',1),('md710',1),('md334',4),('md006',4),('md951',1),('md805',3),('md885',3),('md901',4),('md694',1),('md542',3),('md655',1),('md801',4),('md543',2),('md655',4),('md739',2),('md409',3),('md635',4),('md494',3);
/*!40000 ALTER TABLE `medioevale` ENABLE KEYS */;
UNLOCK TABLES;

--
-- Dumping data for table `occupazione`
--

LOCK TABLES `occupazione` WRITE;
/*!40000 ALTER TABLE `occupazione` DISABLE KEYS */;
INSERT INTO `occupazione` VALUES (1,'Sposa'),(2,'Mascotte'),(3,'Medioevale');
/*!40000 ALTER TABLE `occupazione` ENABLE KEYS */;
UNLOCK TABLES;

--
-- Dumping data for table `organizzazione`
--

LOCK TABLES `organizzazione` WRITE;
/*!40000 ALTER TABLE `organizzazione` DISABLE KEYS */;
INSERT INTO `organizzazione` VALUES (27,6),(11,1),(24,4),(14,8),(28,5),(24,1),(18,13),(21,12),(11,12),(10,5),(24,7),(22,6),(27,10),(23,14),(18,2),(9,11),(23,12),(21,5),(28,13),(5,14),(23,12),(24,11),(23,1),(27,4),(18,13),(5,7),(14,10),(28,5),(23,9),(18,14),(14,3),(23,12),(9,4),(18,6),(5,15),(10,13),(27,5),(10,7),(24,7),(18,9),(13,15),(3,7),(10,9),(28,5),(10,9),(28,13),(5,10),(23,3),(27,14),(10,3);
/*!40000 ALTER TABLE `organizzazione` ENABLE KEYS */;
UNLOCK TABLES;

--
-- Dumping data for table `partecipazione`
--

LOCK TABLES `partecipazione` WRITE;
/*!40000 ALTER TABLE `partecipazione` DISABLE KEYS */;
INSERT INTO `partecipazione` VALUES (24,9),(9,12),(2,7),(3,3),(14,3),(27,4),(5,10),(14,2),(13,9),(9,13),(14,2),(16,3),(24,2),(7,1),(11,5),(6,11),(7,8),(22,15),(22,15),(5,11),(8,1),(8,1),(16,7),(20,3),(23,3),(7,2),(26,8),(16,1),(9,1),(26,9),(15,8),(11,2),(16,2),(3,11),(5,9),(12,6),(22,3),(21,13),(19,8);
/*!40000 ALTER TABLE `partecipazione` ENABLE KEYS */;
UNLOCK TABLES;

--
-- Dumping data for table `rammendo`
--

LOCK TABLES `rammendo` WRITE;
/*!40000 ALTER TABLE `rammendo` DISABLE KEYS */;
INSERT INTO `rammendo` VALUES ('2OOJ366U2VH1BBV',306.00,'libero. Proin sed turpis nec mauris blandit','2023-05-08','md655',4),('5VTR318Y5IN9CMM',154.00,'nunc interdum feugiat. Sed nec metus','2024-02-13','ms334',1),('4IRX713W9OX8CCD',305.00,'nisi. Aenean eget metus. In nec orci. Donec nibh. Quisque','2023-02-21','ms461',3),('6QMK639E3YY2VYN',424.00,'risus, at fringilla purus mauris a nunc. In','2022-10-05','ms558',2),('5FXD746Y4RJ5KSG',54.00,'faucibus lectus, a sollicitudin orci sem','2024-05-05','ms766',9),('1CNR565P3TE3OIX',320.00,'lectus pede et risus. Quisque libero','2024-03-05','sp221',6),('0WSU567J9SD2TDI',127.00,'suscipit nonummy. Fusce fermentum fermentum arcu. Vestibulum','2023-02-26','sp357',6),('8GCG775N2RD7GFC',192.00,'ut cursus luctus, ipsum leo elementum sem, vitae aliquam eros','2023-09-11','sp553',8),('7NST738B8RW9FZU',456.00,'malesuada. Integer id magna et ipsum cursus vestibulum. Mauris','2023-08-31','sp553',10),('2FIG855V0KE4DIL',166.00,'molestie tortor nibh sit amet orci. Ut','2022-07-01','md400',5);
/*!40000 ALTER TABLE `rammendo` ENABLE KEYS */;
UNLOCK TABLES;

--
-- Dumping data for table `referente`
--

LOCK TABLES `referente` WRITE;
/*!40000 ALTER TABLE `referente` DISABLE KEYS */;
INSERT INTO `referente` VALUES ('Ipsum Leo Elementum',2),('Phasellus Ornare',12),('Parturient ',19),('Feugiat Tellus',27),('Mollis Corporation',27);
/*!40000 ALTER TABLE `referente` ENABLE KEYS */;
UNLOCK TABLES;

--
-- Dumping data for table `sarto`
--

LOCK TABLES `sarto` WRITE;
/*!40000 ALTER TABLE `sarto` DISABLE KEYS */;
INSERT INTO `sarto` VALUES (1,'Calista','Henson',2,2),(2,'Phoebe','Richards',2,1),(3,'Dean','Farmer',2,3),(4,'Erich','Christian',3,2),(5,'Faith','Mcintosh',3,2),(6,'Bryar','Hogan',1,1),(7,'Kalia','Maynard',1,2),(8,'Abel','Wooten',1,3),(9,'Ross','Shepherd',2,2),(10,'Dai','Albert',1,2);
/*!40000 ALTER TABLE `sarto` ENABLE KEYS */;
UNLOCK TABLES;

--
-- Dumping data for table `sartoria`
--

LOCK TABLES `sartoria` WRITE;
/*!40000 ALTER TABLE `sartoria` DISABLE KEYS */;
INSERT INTO `sartoria` VALUES (1,'Massa Incorporated','ut.sagittis@google.com',82733816,'3325 Ut Rd.','Caerphilly',91664),(2,'Diam Vel Company','iaculis.lacus.pede@hotmail.edu',38285263,'Ap #820-7934 Proin Rd.','Huaraz',34376),(3,'Mattis Ornare Lectus Consulting','commodo@aol.org',18858169,'8185 Phasellus Avenue','Dutse',14447),(4,'Interdum Enim Non LLP','ultricies@hotmail.org',94719646,'P.O. Box 759, 6664 Sed St.','Torrevieja',53290);
/*!40000 ALTER TABLE `sartoria` ENABLE KEYS */;
UNLOCK TABLES;

--
-- Dumping data for table `spese`
--

LOCK TABLES `spese` WRITE;
/*!40000 ALTER TABLE `spese` DISABLE KEYS */;
INSERT INTO `spese` VALUES ('0FMT239D5QW1VQq','elit pede, malesuada vel, venenatis vel, faucibus',714.00,12,1),('0RKC841M4RO1SKi','arcu imperdiet ullamcorper. Duis at lacus. Quisque purus',696.00,12,10),('0YXG424D8TU5SLy','sem semper erat, in consectetuer ipsum nunc',47.00,27,5),('1BPV301O7PF3JXy','sodales nisi magna sed dui. Fusce',-698.00,27,15),('1GOP645L7KO5WEe','commodo at, libero. Morbi accumsan laoreet ipsum. Curabitur',543.00,12,10),('1IHS607N7RG7NUl','Phasellus elit pede, malesuada vel,',-818.00,19,12),('1RMA268E4FY1BMe','netus et malesuada fames ac turpis egestas. Aliquam fringilla',260.00,27,1),('1RNP132T1EQ1KNf','Nam nulla magna, malesuada vel, convallis in, cursus et,',-117.00,2,3),('1THK467J4HN4XDi','metus. Vivamus euismod urna. Nullam',808.00,27,10),('2HJC106A4XT4BDa','rutrum non, hendrerit id, ante. Nunc mauris',-562.00,2,7),('2JBJ402N6UQ9NRd','odio. Phasellus at augue id ante dictum',-326.00,2,13),('2WEP263U5IC0RWl','lorem, vehicula et, rutrum eu, ultrices',664.00,2,14),('2WXI114B0DQ3SRo','vestibulum massa rutrum magna. Cras convallis convallis dolor.',-5.00,19,3),('3BAC412K2LA1PGb','purus. Nullam scelerisque neque sed sem egestas blandit. Nam',-277.00,2,6),('3BGG779C2FV9SDp','nec tempus mauris erat eget ipsum. Suspendisse',619.00,19,12),('3FRA280Q0RP6XZu','nisl. Quisque fringilla euismod enim. Etiam gravida molestie arcu.',788.00,27,3),('3GMP424K9KG3FHx','egestas a, dui. Cras pellentesque. Sed dictum.',440.00,27,4),('3GQE375C5EZ5UNj','imperdiet, erat nonummy ultricies ornare, elit elit fermentum risus,',-265.00,19,11),('3LOA682K3BQ4GAe','dui quis accumsan convallis, ante lectus convallis est, vitae',-205.00,27,3),('3NCP917H3VT3XGd','per conubia nostra, per inceptos hymenaeos. Mauris ut quam',456.00,27,3),('3ORH280S6PR4GHx','sem. Pellentesque ut ipsum ac mi eleifend egestas. Sed',-439.00,2,13),('3PPV644D1FJ7SIy','adipiscing elit. Aliquam auctor, velit eget laoreet posuere,',-770.00,2,2),('3SGX276K2IV4JAb','dui augue eu tellus. Phasellus',179.00,12,9),('3UEE538C2CR3WRm','Morbi sit amet massa. Quisque porttitor eros nec tellus.',-948.00,19,13),('3WIW156C1EB6UTa','metus. In nec orci. Donec nibh. Quisque nonummy ipsum',439.00,12,2),('4AUE059R8QO5MNy','Nulla eget metus eu erat semper',-606.00,2,12),('4BVD174P4MV3ISm','placerat, orci lacus vestibulum lorem, sit amet ultricies',-317.00,12,7),('4FKI051A7MI4TOo','felis. Donec tempor, est ac mattis semper, dui',762.00,2,9),('4HNF155A2KW8IKu','quis, tristique ac, eleifend vitae, erat. Vivamus nisi.',-217.00,2,12),('4JRE415S4OL4KJx','In scelerisque scelerisque dui. Suspendisse ac metus vitae',-811.00,19,11),('4LDP932B1EX6SYq','purus mauris a nunc. In at pede. Cras vulputate',954.00,12,5),('4TSJ288T4TP7YHl','Suspendisse dui. Fusce diam nunc, ullamcorper eu, euismod',-262.00,27,7),('5ALU555S4GC5WUx','ultricies ornare, elit elit fermentum',-340.00,12,12),('5IJE627B6JB8GKh','iaculis, lacus pede sagittis augue, eu',-263.00,12,3),('5JIX778W5VY2RWu','risus. Duis a mi fringilla mi lacinia',998.00,27,4),('5QRT813V7VL7CBw','blandit enim consequat purus. Maecenas libero est, congue a,',651.00,2,8),('5SWM420P5VR2CMt','augue scelerisque mollis. Phasellus libero mauris, aliquam',842.00,12,9),('5UTD566S0SJ1ATt','iaculis quis, pede. Praesent eu',81.00,12,10),('5WDC831F7JK1QGx','consectetuer adipiscing elit. Etiam laoreet, libero et tristique pellentesque,',870.00,19,7),('6CCX392I5GE7ECq','Phasellus elit pede, malesuada vel, venenatis',573.00,27,5),('6EWC678O6PP1ZTr','ullamcorper. Duis at lacus. Quisque purus sapien,',-238.00,27,14),('6GTE368C3ZL5FDb','semper tellus id nunc interdum feugiat. Sed nec',447.00,12,15),('6JTO165L8FV1GUw','velit dui, semper et, lacinia vitae, sodales at,',448.00,2,8),('6LBL236U1ZO0JNf','dolor. Quisque tincidunt pede ac urna.',846.00,12,4),('6LCS339Y7RK0RYc','sapien, cursus in, hendrerit consectetuer, cursus et,',-685.00,12,6),('6MON791J7LI2NEa','laoreet lectus quis massa. Mauris vestibulum, neque',765.00,2,4),('6OUD925J1BP4LEj','purus, in molestie tortor nibh sit amet orci.',-123.00,27,10),('6OXK512G8XN8LEk','consectetuer mauris id sapien. Cras dolor',-67.00,27,7),('6QGB240T6OY6ZJh','et netus et malesuada fames ac turpis',-75.00,19,14),('6QMN554C8HL1PVj','enim commodo hendrerit. Donec porttitor tellus non magna.',30.00,2,11),('6RMG586U6GP7PTk','ut erat. Sed nunc est, mollis non,',384.00,12,4),('6SLK833O6YA3KXs','natoque penatibus et magnis dis parturient montes, nascetur',39.00,2,6),('6TIX876F6JU8KEs','Nunc mauris elit, dictum eu, eleifend nec, malesuada ut,',221.00,12,9),('6TQH805R3PD5LXg','diam. Duis mi enim, condimentum eget, volutpat ornare, facilisis eget,',-244.00,27,4),('6UXF819H1KC5PVh','nec, diam. Duis mi enim, condimentum eget, volutpat',-732.00,27,8),('6WHP554V4NO6LYb','dui. Suspendisse ac metus vitae velit egestas lacinia. Sed',-793.00,19,11),('6WMD130Y6WD9MHb','quis turpis vitae purus gravida sagittis. Duis gravida.',730.00,19,9),('6XKU934O0DX3UEv','arcu. Vivamus sit amet risus. Donec egestas.',498.00,19,7),('7BNQ053U9RI7EUo','et, euismod et, commodo at, libero. Morbi accumsan laoreet',-279.00,19,4),('7MVM864B7VJ1WMc','mi tempor lorem, eget mollis lectus',-144.00,12,14),('7NAX320Y8PX5HGa','Integer vitae nibh. Donec est mauris, rhoncus id,',595.00,2,2),('7NIS826S6WL2DCm','scelerisque neque sed sem egestas blandit. Nam',-520.00,12,5),('7PFR451B8JO8DMo','ullamcorper. Duis cursus, diam at pretium aliquet, metus urna',-433.00,2,7),('7SUK302N4PT8RVs','magna et ipsum cursus vestibulum. Mauris',-989.00,19,10),('7UJC254K4TK7GHt','tellus sem mollis dui, in sodales elit erat',-763.00,19,10),('7XBF332F6JP2GEc','tempus risus. Donec egestas. Duis ac arcu. Nunc mauris. Morbi',-306.00,27,7),('8LRL375M1XY9VIf','neque tellus, imperdiet non, vestibulum nec, euismod in, dolor.',-501.00,27,3),('8PGX305D5MU7HPg','a purus. Duis elementum, dui quis accumsan convallis,',787.00,2,3),('8UPF711Z1IW7WOl','vitae, erat. Vivamus nisi. Mauris nulla. Integer',550.00,19,9),('9MWI321Y7YD5BZx','fringilla est. Mauris eu turpis. Nulla aliquet. Proin velit.',-943.00,19,13);
/*!40000 ALTER TABLE `spese` ENABLE KEYS */;
UNLOCK TABLES;

--
-- Dumping data for table `sposa`
--

LOCK TABLES `sposa` WRITE;
/*!40000 ALTER TABLE `sposa` DISABLE KEYS */;
INSERT INTO `sposa` VALUES ('sp476',1956),('sp352',1937),('sp688',1986),('sp607',1985),('sp146',1963),('sp221',1988),('sp857',1946),('sp314',1965),('sp357',1901),('sp553',1913),('sp783',1941),('sp761',1940),('sp793',1909),('sp753',1959),('sp426',1954),('sp861',2008);
/*!40000 ALTER TABLE `sposa` ENABLE KEYS */;
UNLOCK TABLES;

--
-- Dumping data for table `tesserato`
--

LOCK TABLES `tesserato` WRITE;
/*!40000 ALTER TABLE `tesserato` DISABLE KEYS */;
INSERT INTO `tesserato` VALUES (1,'Yoko','Sexton','2022-09-12','Quilpué','M','velit.sed.malesuada@yahoo.ca','2664476435',29,'FTNREB68E4V975M',0,'2022-12-24'),(2,'Clio','Barrett','2022-10-14','Uman','M','nunc@protonmail.edu','8153988368',27,'PIBZWT85L3Z077V',0,'2023-02-14'),(3,'Bruce','Ballard','2023-11-05','Lagos','F','faucibus.orci.luctus@hotmail.com','6172167827',68,'DALUDV59G4P314B',1,'2022-12-04'),(4,'Carl','Rosario','2023-01-10','Gjoa Haven','M','fringilla.porttitor.vulputate@outlook.net','2618727047',22,'DKXWWI78W3K339U',0,'2023-08-13'),(5,'Lesley','Cochran','2024-02-03','Melilla','M','libero.mauris@icloud.edu','5713267168',49,'XSBUDT36E5C551H',1,'2023-06-28'),(6,'Timon','Payne','2023-12-10','Wachtebeke','F','tincidunt.aliquam@aol.org','6622607646',41,'LQLWDF23M6E357X',0,'2022-12-28'),(7,'Kibo','Douglas','2023-02-17','Sherani','M','nec@aol.edu','0720668575',27,'USEOWY05E9L183Y',0,'2023-03-13'),(8,'Cally','Miranda','2023-07-30','Berwick','F','blandit.nam@hotmail.net','0629632401',30,'GYEYGN47E5W336U',0,'2023-04-19'),(9,'Olivia','Summers','2023-01-29','Sneek','F','quisque.purus@icloud.org','9949986658',39,'RNCVJR22E3H747W',1,'2022-12-20'),(10,'Brielle','O\'Neill','2023-11-01','Landshut','F','hendrerit@aol.edu','4842063173',39,'GDHQLS48X5L477H',1,'2022-12-23'),(11,'Raven','Burris','2022-06-13','Cork','F','nisl.sem@google.ca','9133114877',27,'IIWQUY55C6R387E',1,'2023-01-14'),(12,'Olympia','Cameron','2022-11-21','Moio Alcantara','F','eu.odio@protonmail.ca','8872488325',50,'HMMYLD69D8F351B',0,'2023-01-09'),(13,'Coby','Chambers','2022-07-02','Ludwigshafen','M','sit.amet.nulla@yahoo.couk','1416295508',67,'BNKIWC78B6P149Q',1,'2022-11-16'),(14,'Jack','Myers','2023-02-04','Ilhéus','M','ultrices.vivamus@aol.org','5746064717',64,'HDHWCG09O5T761R',1,'2023-03-13'),(15,'Laura','Mendoza','2024-05-25','Pioneer','F','varius.ultrices@google.couk','9135743302',69,'EQEFFO37B2J948N',0,'2022-11-23'),(16,'Keith','Shepherd','2022-10-25','Ningxia','M','mauris.integer@outlook.net','1383856142',36,'YBQFMP42Y8S846E',0,'2022-11-15'),(17,'Freya','Parsons','2023-03-18','Mazzano Romano','F','mauris.id@aol.com','1075644718',25,'MKWKOS68N9H436F',0,'2022-12-01'),(18,'Jana','Grant','2023-11-17','Augusta','M','eu@outlook.couk','5314322357',51,'MQTGGT36A2O398I',1,'2023-04-13'),(19,'Jin','Montgomery','2024-05-18','Duque de Caxias','M','dolor.fusce@outlook.edu','9371907281',59,'PUJWVL37G3M418V',1,'2023-08-25'),(20,'Valentine','Payne','2023-09-02','Graaff-Reinet','F','fusce.mi.lorem@google.edu','6712818836',44,'ELFPQO35I2W688N',0,'2023-08-06'),(21,'Indigo','Scott','2023-12-18','Siquirres','M','et@icloud.net','6533225024',22,'SFUXHN79S2Q142F',1,'2023-03-19'),(22,'India','Jacobson','2022-09-07','Noduwez','M','dictum.eleifend@hotmail.edu','1038530767',47,'WBYBDL26G7B569Y',1,'2023-08-08'),(23,'Aidan','Randolph','2024-01-16','Stjørdalshalsen','M','id.ante@google.net','5874677323',54,'FLUUJI26R7R593L',1,'2023-08-03'),(24,'Dennis','Gardner','2023-09-18','Evere','M','montes.nascetur.ridiculus@outlook.com','8295507288',65,'QOEQXR56U2O441V',1,'2023-08-04'),(25,'Xena','Munoz','2022-06-11','Mexico City','F','et.ipsum@icloud.couk','7814229244',67,'GOXQGP24Q1U118E',0,'2023-05-17'),(26,'Reed','Harris','2023-03-19','Dera Ghazi Khan','F','lorem@yahoo.org','0114124006',35,'EDLZBW40N2Y351W',0,'2023-05-25'),(27,'Harriet','Slater','2023-04-01','Bodø','F','vestibulum@icloud.couk','1054798348',41,'LFMGOK21F1T227Q',1,'2023-06-02'),(28,'Paki','Fox','2023-08-26','Alingsås','M','ligula.aenean.euismod@protonmail.couk','3549486366',69,'OLVCIM65H5H575V',1,'2023-01-19'),(29,'Nell','Steele','2023-12-29','Brummunddal','F','eget@hotmail.org','4552541068',62,'WPXCYY83M8C993K',0,'2023-03-31'),(30,'Flavia','Herman','2023-06-09','Moerzeke','F','diam.vel.arcu@icloud.edu','8933185833',18,'BEUHEC23G5P727P',0,'2023-05-12');
/*!40000 ALTER TABLE `tesserato` ENABLE KEYS */;
UNLOCK TABLES;
/*!40103 SET TIME_ZONE=@OLD_TIME_ZONE */;

/*!40101 SET SQL_MODE=@OLD_SQL_MODE */;
/*!40014 SET FOREIGN_KEY_CHECKS=@OLD_FOREIGN_KEY_CHECKS */;
/*!40014 SET UNIQUE_CHECKS=@OLD_UNIQUE_CHECKS */;
/*!40101 SET CHARACTER_SET_CLIENT=@OLD_CHARACTER_SET_CLIENT */;
/*!40101 SET CHARACTER_SET_RESULTS=@OLD_CHARACTER_SET_RESULTS */;
/*!40101 SET COLLATION_CONNECTION=@OLD_COLLATION_CONNECTION */;
/*!40111 SET SQL_NOTES=@OLD_SQL_NOTES */;

-- Dump completed on 2023-05-28 22:54:54
